Taxa,Date,Date type,Date justification,Source,Aka,Epi notes,Misc Notes,Conflict date1,Conflict source1,Conflict date2,Conflict source2
AY350750|PUMC01|Human|China|2003.3192,2003-04-16,Estimated midpoint: epidemic bounds,The first apparent case of SARS in Beijing was identified on March 5  -- see Fig 2 -- https://www.ncbi.nlm.nih.gov/pmc/articles/PMC3092360/; “The last new case in Beijing was isolated on May 29.”: https://www.thelancet.com/pdfs/journals/lancet/PIIS0140673603137919.pdf -- set to midpoint," Zou, K et al., ACTA Academiae Medicinae Sinicae. 25, 495-498 (2003); https://www.besjournal.com/fileSWYXYHJKX/journal/article/swyxyhjkx/2006/6/PDF/bes200606007.pdf",,The SCV strain PUMC-01 was isolated from an individual in the Peking Union Medical Hospital : https://www.ncbi.nlm.nih.gov/pmc/articles/PMC7095788/,,,,,
AY357075|PUMC02|Human|China|2003.3192,2003-04-16,Estimated midpoint: epidemic bounds,The first apparent case of SARS in Beijing was identified on March 5  -- see Fig 2 -- https://www.ncbi.nlm.nih.gov/pmc/articles/PMC3092360/; “The last new case in Beijing was isolated on May 29.”: https://www.thelancet.com/pdfs/journals/lancet/PIIS0140673603137919.pdf -- set to midpoint,https://www.besjournal.com/fileSWYXYHJKX/journal/article/swyxyhjkx/2006/6/PDF/bes200606007.pdf,,,,,,,
AY357076|PUMC03|Human|China|2003.3192,2003-04-16,Estimated midpoint: epidemic bounds,The first apparent case of SARS in Beijing was identified on March 5  -- see Fig 2 -- https://www.ncbi.nlm.nih.gov/pmc/articles/PMC3092360/; “The last new case in Beijing was isolated on May 29.”: https://www.thelancet.com/pdfs/journals/lancet/PIIS0140673603137919.pdf -- set to midpoint,https://www.besjournal.com/fileSWYXYHJKX/journal/article/swyxyhjkx/2006/6/PDF/bes200606007.pdf,,,,,,,
AY394998|CUHK-LC1|Human|Hong_Kong|2003.3685,2003-05-15,Estimated from onset of associated viruses,"The SARS-CoV sequence with the 415-nt deletion (CUHK-LC2, CUHK-LC3, CUHK-LC4, and CUHK-LC5) was obtained from two SARS patients whose disease was linked to a late cluster of SARS cases in Hong Kong; Late stage acording to SFig6 -- https://www.science.org/doi/10.1126/science.1092002?url_ver=Z39.88-2003&rfr_id=ori:rid:crossref.org&rfr_dat=cr_pub%20%200pubmed; Late stage cluster, set to same date as LCxx viruses: https://www.science.org/doi/10.1126/science.1092002?url_ver=Z39.88-2003&rfr_id=ori:rid:crossref.org&rfr_dat=cr_pub%20%200pubmed",https://www.science.org/doi/10.1126/science.1092002?url_ver=Z39.88-2003&rfr_id=ori:rid:crossref.org&rfr_dat=cr_pub%20%200pubmed,,,,,,,
AP006557|TWH|Human|Taiwan|2003.3082,2003-04-23,Estimated midpoint: epidemic bounds,Taiwanese epidemic was Early March - mid June -- more or less on point with TW1-10. Midpoint: https://www.pnas.org/content/101/8/2542.long,https://www.pnas.org/content/101/8/2542.long,,,,,,,
AP006559|TWK|Human|Taiwan|2003.3082,2003-04-23,Estimated midpoint: epidemic bounds,Taiwanese epidemic was Early March - mid June -- more or less on point with TW1-10. Midpoint: https://www.pnas.org/content/101/8/2542.long,https://www.pnas.org/content/101/8/2542.long,,,,,,,
AP006560|TWS|Human|Taiwan|2003.3082,2003-04-23,Estimated midpoint: epidemic bounds,Taiwanese epidemic was Early March - mid June -- more or less on point with TW1-10. Midpoint: https://www.pnas.org/content/101/8/2542.long,https://www.pnas.org/content/101/8/2542.long,,,,,,,
AP006561|TWY|Human|Taiwan|2003.3082,2003-04-23,Estimated midpoint: epidemic bounds,Taiwanese epidemic was Early March - mid June -- more or less on point with TW1-10. Midpoint: https://www.pnas.org/content/101/8/2542.long,https://www.pnas.org/content/101/8/2542.long,,,,,,,
AP006558|TWJ|Human|Taiwan|2003.3082+A12,2003-04-23,Estimated midpoint: epidemic bounds,Taiwanese epidemic was Early March - mid June -- more or less on point with TW1-10. Midpoint: https://www.pnas.org/content/101/8/2542.long,https://www.pnas.org/content/101/8/2542.long,,,,,,,
AY348314|TaiwanTC3|Human|Taiwan|2003.3082,2003-04-23,Estimated midpoint: epidemic bounds,Taiwanese epidemic was Early March - mid June -- more or less on point with TW1-10. Midpoint: https://www.pnas.org/content/101/8/2542.long,https://www.ncbi.nlm.nih.gov/pmc/articles/PMC7179562/,,TC2 and TC3 from mid-Taiwan area: https://www.ncbi.nlm.nih.gov/pmc/articles/PMC7179562/,"Clinical specimens including nasal and pharyngeal swabs, blood and stool from 3 SARS patients.",,,,
AY338175|TaiwanTC2|Human|Taiwan|2003.3082,2003-04-23,Estimated midpoint: epidemic bounds,Taiwanese epidemic was Early March - mid June -- more or less on point with TW1-10. Midpoint: https://www.pnas.org/content/101/8/2542.long,https://www.ncbi.nlm.nih.gov/pmc/articles/PMC7179562/,,TC2 and TC3 from mid-Taiwan area: https://www.ncbi.nlm.nih.gov/pmc/articles/PMC7179562/,"Clinical specimens including nasal and pharyngeal swabs, blood and stool from 3 SARS patients.",,,,
AY427439|AS|Human|Italy|2003.21,2003-03-18,Estimated midpoint: epidemic bounds,Date onset first probable case – 12-Mar-03; Date onset last probable case – 20-Apr-03: https://www.who.int/publications/m/item/summary-of-probable-sars-cases-with-onset-of-illness-from-1-november-2002-to-31-july-2003 -- but use date from https://raw.githubusercontent.com/plemey/SARSCoV2origins/master/BEAST/SARS-CoV/SARS-CoV-1.recDel.xml,https://www.who.int/publications/m/item/summary-of-probable-sars-cases-with-onset-of-illness-from-1-november-2002-to-31-july-2003; https://raw.githubusercontent.com/plemey/SARSCoV2origins/master/BEAST/SARS-CoV/SARS-CoV-1.recDel.xml,,,,,,,
AY559095|Sin847|Human|Singapore|2003.2671,2003-04-15,Estimated from onset of associated viruses,"Stable 1 says unknown -- all of the rest Sin84xx from April, so set to mid April?",Stable 1: https://bmcinfectdis.biomedcentral.com/articles/10.1186/1471-2334-4-32,,,,,,,
AY323977|HSR1|Human|Italy|2003.29,2003-03-15,Estimated date of onset,Onset of illness began during the patient’s travel to Vietnam in March 2003. ,https://www.ncbi.nlm.nih.gov/pmc/articles/PMC3322807/,,patient’s travel to Vietnam in March 2003,frozen sputum sample collected from an Italian patient affected by a respiratory disease of unknown cause: https://www.ncbi.nlm.nih.gov/pmc/articles/PMC3322807/,2003-04-16,https://raw.githubusercontent.com/plemey/SARSCoV2origins/master/BEAST/SARS-CoV/SARS-CoV-1.recDel.xml,,
AY313906|GD69|Human|China_Guangdong|2003.5877,2003-08-03,Date of collection (unsure),Table A.1 -- Further dates were procured either from the literature or via personal communication,https://era.ed.ac.uk/handle/1842/5859,,,,2003-05-16,XML: https://www.nature.com/articles/s41564-020-0771-4 -- https://github.com/plemey/SARSCoV2origins/blob/master/BEAST/SARS-CoV/SARS-CoV-1.recDel.xml,,
AY279354|BJ04|Human|China_Beijing|2003.1685,2003-03-03,Date of collection (unsure),Table A.1 -- Further dates were procured either from the literature or via personal communication,https://era.ed.ac.uk/handle/1842/5859; https://www.sciencedirect.com/science/article/pii/S1672022903010234?via%3Dihub#t0005,,"Isolate BJ04 was inoculated from the autopsied lung tissue of a single deceased patient who had no direct contact with the Index Case of Beijing. Vs one isolate (BJ04) from the lung autopsy of one of the early patients of the HZS-2 Hospital SSE outbreak, Guangzhou (the ambulance driver for patients of SGQ/SQS brothers and ZZF of the HZS-2 Hospital; refer to §2 about the patients' information): https://www.ncbi.nlm.nih.gov/pmc/articles/PMC2435571/",Lung autopsy,,,,
AY274119|Tor2|Human|Canada|2003.29,2003-03-13,Estimated date of collection,"Toronto index patient 1 (or patient F) was infected and linked to index patient A on February 21,
2003 in Hong Kong: TOR2 was the primary contact of patient 1. He was admitted to hospital
on March 7 and died on March 13, 2003 in Toronto: https://www.ncbi.nlm.nih.gov/pmc/articles/PMC446188/",https://www.ncbi.nlm.nih.gov/pmc/articles/PMC446188/,,"Toronto index patient 1 (or patient F) was infected and linked to index patient A on February 21,
2003 in Hong Kong: TOR2 was the primary contact of patient 1. He was admitted to hospital
on March 7 and died on March 13, 2003 in Toronto: https://www.ncbi.nlm.nih.gov/pmc/articles/PMC446188/",,2003-04-13,Table A.1 -- Further dates were procured either from the literature or via personal communication,,
AY390556|GZ02|Human|China_Guangdong_Guangzhou|2003.13,2003-02-11,Date of collection,"We used the GZ02 sequence
as the out-group, which was sampled on February 11, 2003 : https://www.science.org/action/downloadSupplement?doi=10.1126%2Fscience.1092002&file=wang.som.pdf",https://www.microbiologyresearch.org/content/journal/jgv/10.1099/vir.0.19424-0; https://www.science.org/doi/10.1126/science.1092002?url_ver=Z39.88-2003&rfr_id=ori:rid:crossref.org&rfr_dat=cr_pub%20%200pubmed; https://www.pnas.org/content/102/7/2430.long,," Representative strain of this kind, GZ02 (GenBank accession no.: AY390556) from the first SARS autopsy sample as that of GD01 (originally designated as GZ01, GenBank accession no.: AY278489): https://www.ncbi.nlm.nih.gov/pmc/articles/PMC2435571/",,2003-02-17,https://github.com/plemey/SARSCoV2origins/blob/master/BEAST/SARS-CoV/SARS-CoV-1.recDel.xml,,
AY559093|Sin845|Human|Singapore|2003.29,2003-04-07,Date of onset,Stable 1: https://bmcinfectdis.biomedcentral.com/articles/10.1186/1471-2334-4-32,,,,vero cell isolate from throat swab,,,,
AY559094|Sin846|Human|Singapore|2003.21,2003-03-25,Date of onset,Stable 1: https://bmcinfectdis.biomedcentral.com/articles/10.1186/1471-2334-4-32,,vero cell isolate from SIN3765V,,vero cell isolate from SIN3765V,,,,
AY559082|Sin852|Human|Singapore|2003.29,2003-04-11,Date of onset,Stable 1: https://bmcinfectdis.biomedcentral.com/articles/10.1186/1471-2334-4-32,,,,,,,,
AY283794|Sin2500_index|Human|Singapore|2003.13,2003-02-25,Date of onset,Stable 1: https://bmcinfectdis.biomedcentral.com/articles/10.1186/1471-2334-4-32,https://bmcinfectdis.biomedcentral.com/articles/10.1186/1471-2334-4-32; https://www.sciencedirect.com/science/article/pii/S0140673603134149?casa_token=uyjXfw77-VcAAAAA:EdNsrclQ3gLEHZ-7FiFIVZuLtoaWuNMqmhk-YLdcHB_SPkkNwkPPeeviQ1vWZAWZu70RekLgzA#bib14,index case, index case. history of travel to Hong Kong and had stayed in hotel M https://www.sciencedirect.com/science/article/pii/S0140673603134149?casa_token=uyjXfw77-VcAAAAA:EdNsrclQ3gLEHZ-7FiFIVZuLtoaWuNMqmhk-YLdcHB_SPkkNwkPPeeviQ1vWZAWZu70RekLgzA,vero cell isolate from throat swab,,,,
AY283796|Sin2679_contact2|Human|Singapore|2003.21,2003-03-15,Date of onset,Stable 1: https://bmcinfectdis.biomedcentral.com/articles/10.1186/1471-2334-4-32,https://bmcinfectdis.biomedcentral.com/articles/10.1186/1471-2334-4-32; https://www.sciencedirect.com/science/article/pii/S0140673603134149?casa_token=uyjXfw77-VcAAAAA:EdNsrclQ3gLEHZ-7FiFIVZuLtoaWuNMqmhk-YLdcHB_SPkkNwkPPeeviQ1vWZAWZu70RekLgzA#bib14,,secondary contact: primary contact of index: https://www.sciencedirect.com/science/article/pii/S0140673603134149?casa_token=uyjXfw77-VcAAAAA:EdNsrclQ3gLEHZ-7FiFIVZuLtoaWuNMqmhk-YLdcHB_SPkkNwkPPeeviQ1vWZAWZu70RekLgzA,vero cell isolate from nasopharyngeal aspirate,,,,
AY283798|Sin2774_contact1|Human|Singapore|2003.21,2003-03-09,Date of onset,Stable 1: https://bmcinfectdis.biomedcentral.com/articles/10.1186/1471-2334-4-32,https://bmcinfectdis.biomedcentral.com/articles/10.1186/1471-2334-4-32; https://www.sciencedirect.com/science/article/pii/S0140673603134149?casa_token=uyjXfw77-VcAAAAA:EdNsrclQ3gLEHZ-7FiFIVZuLtoaWuNMqmhk-YLdcHB_SPkkNwkPPeeviQ1vWZAWZu70RekLgzA#bib14,,primary contact of index: https://www.sciencedirect.com/science/article/pii/S0140673603134149?casa_token=uyjXfw77-VcAAAAA:EdNsrclQ3gLEHZ-7FiFIVZuLtoaWuNMqmhk-YLdcHB_SPkkNwkPPeeviQ1vWZAWZu70RekLgzA,vero cell isolate from endotracheal tube aspirate,,,,
AY283797|Sin2748_contact1|Human|Singapore|2003.21,2003-03-14,Date of onset,Stable 1: https://bmcinfectdis.biomedcentral.com/articles/10.1186/1471-2334-4-32,https://bmcinfectdis.biomedcentral.com/articles/10.1186/1471-2334-4-32; https://www.sciencedirect.com/science/article/pii/S0140673603134149?casa_token=uyjXfw77-VcAAAAA:EdNsrclQ3gLEHZ-7FiFIVZuLtoaWuNMqmhk-YLdcHB_SPkkNwkPPeeviQ1vWZAWZu70RekLgzA#bib14,,primary contact of index: https://www.sciencedirect.com/science/article/pii/S0140673603134149?casa_token=uyjXfw77-VcAAAAA:EdNsrclQ3gLEHZ-7FiFIVZuLtoaWuNMqmhk-YLdcHB_SPkkNwkPPeeviQ1vWZAWZu70RekLgzA,vero cell isolate from endotracheal tube aspirate,,,,
AY283795|Sin2677_contact1|Human|Singapore|2003.21,2003-03-09,Date of onset,Stable 1: https://bmcinfectdis.biomedcentral.com/articles/10.1186/1471-2334-4-32,https://bmcinfectdis.biomedcentral.com/articles/10.1186/1471-2334-4-32; https://www.sciencedirect.com/science/article/pii/S0140673603134149?casa_token=uyjXfw77-VcAAAAA:EdNsrclQ3gLEHZ-7FiFIVZuLtoaWuNMqmhk-YLdcHB_SPkkNwkPPeeviQ1vWZAWZu70RekLgzA#bib14,,primary contact of index: https://www.sciencedirect.com/science/article/pii/S0140673603134149?casa_token=uyjXfw77-VcAAAAA:EdNsrclQ3gLEHZ-7FiFIVZuLtoaWuNMqmhk-YLdcHB_SPkkNwkPPeeviQ1vWZAWZu70RekLgzA,vero cell isolate from nasopharyngeal aspirate,,,,
AY559081|Sin842|Human|Singapore|2003.29,2003-04-02,Date of onset,Stable 1: https://bmcinfectdis.biomedcentral.com/articles/10.1186/1471-2334-4-32,,vero cell isolate from SIN3408,,vero cell isolate from SIN3408,,,,
AY559096|Sin850|Human|Singapore|2003.29,2003-04-14,Date of onset,Stable 1: https://bmcinfectdis.biomedcentral.com/articles/10.1186/1471-2334-4-32,,vero cell isolate from nasal swab,,vero cell isolate from nasal swab,,,,
AY559085|Sin848|Human|Singapore|2003.29,2003-04-05,Date of onset,Stable 1: https://bmcinfectdis.biomedcentral.com/articles/10.1186/1471-2334-4-32,,,,vero cell isolate from lung tissue,,,,
AY559086|Sin849|Human|Singapore|2003.29,2003-04-12,Date of onset,Stable 1: https://bmcinfectdis.biomedcentral.com/articles/10.1186/1471-2334-4-32,,vero cell isolate from SIN3725V,vero cell isolate from SIN3725V,,,,,
AY304490|GZ43|Human|Hong_Kong|2003.1384,2003-02-18,Date of collection,Table 1: https://www.thelancet.com/journals/lancet/article/PIIS0140-6736(03)15259-2/fulltext,https://www.thelancet.com/journals/lancet/article/PIIS0140-6736(03)15259-2/fulltext; https://www.sciencedirect.com/science/article/pii/S0140673603146302?casa_token=NOB0ipctLIAAAAAA:qO-8L5wvGm5VccEsu97_l2zSaSaxHZN0uSZA5Vb9HrFsZjzHZIXsanBAvAY1j6HUREEIrY8PwA; https://era.ed.ac.uk/handle/1842/5859,,36-year-old female health-care worker. All were from Guangzhou and had had contact with a patient with SARS before the onset of their disease.  https://www.sciencedirect.com/science/article/pii/S0140673603146302?casa_token=NOB0ipctLIAAAAAA:qO-8L5wvGm5VccEsu97_l2zSaSaxHZN0uSZA5Vb9HrFsZjzHZIXsanBAvAY1j6HUREEIrY8PwA#bib12;  https://www.thelancet.com/journals/lancet/article/PIIS0140-6736(03)15259-2/fulltext ,,,,,
AY304495|GZ50|Human|Hong_Kong|2003.13,2003-02-18,Date of collection,Table 1: https://www.thelancet.com/journals/lancet/article/PIIS0140-6736(03)15259-2/fulltext,https://www.thelancet.com/journals/lancet/article/PIIS0140-6736(03)15259-2/fulltext; https://www.sciencedirect.com/science/article/pii/S0140673603146302?casa_token=NOB0ipctLIAAAAAA:qO-8L5wvGm5VccEsu97_l2zSaSaxHZN0uSZA5Vb9HrFsZjzHZIXsanBAvAY1j6HUREEIrY8PwA; https://era.ed.ac.uk/handle/1842/5859,,49-year-old female clerk. communy aquired.  Patient Guangzhou Chest Hospital. All were from Guangzhou and had had contact with a patient with SARS before the onset of their disease.  https://www.sciencedirect.com/science/article/pii/S0140673603146302?casa_token=NOB0ipctLIAAAAAA:qO-8L5wvGm5VccEsu97_l2zSaSaxHZN0uSZA5Vb9HrFsZjzHZIXsanBAvAY1j6HUREEIrY8PwA#bib12;  https://www.thelancet.com/journals/lancet/article/PIIS0140-6736(03)15259-2/fulltext ,,,,,
AY304491|GZ60|Human|Hong_Kong|2003.1411,2003-02-18,Date of collection,Table 1: https://www.thelancet.com/journals/lancet/article/PIIS0140-6736(03)15259-2/fulltext,https://www.thelancet.com/journals/lancet/article/PIIS0140-6736(03)15259-2/fulltext; https://www.sciencedirect.com/science/article/pii/S0140673603146302?casa_token=NOB0ipctLIAAAAAA:qO-8L5wvGm5VccEsu97_l2zSaSaxHZN0uSZA5Vb9HrFsZjzHZIXsanBAvAY1j6HUREEIrY8PwA; https://era.ed.ac.uk/handle/1842/5859,,39-year-old male health-care worker. Patient in Guangzhou Chest Hospital. All were from Guangzhou and had had contact with a patient with SARS before the onset of their disease.  https://www.sciencedirect.com/science/article/pii/S0140673603146302?casa_token=NOB0ipctLIAAAAAA:qO-8L5wvGm5VccEsu97_l2zSaSaxHZN0uSZA5Vb9HrFsZjzHZIXsanBAvAY1j6HUREEIrY8PwA#bib12;  https://www.thelancet.com/journals/lancet/article/PIIS0140-6736(03)15259-2/fulltext ,,,,,
AY278491|HKU_39849|Human|Hong_Kong|2003.21,2003-03-04,Date of collection,Table 1: https://www.thelancet.com/journals/lancet/article/PIIS0140-6736(03)15259-2/fulltext,https://www.thelancet.com/journals/lancet/article/PIIS0140-6736(03)15259-2/fulltext,Patient 2A/ HK-39, social contact of index case (HKU-33); onset of disease Feb24; Lung biopsy: https://www.thelancet.com/journals/lancet/article/PIIS0140-6736(03)15259-2/fulltext ,,,,,
AY338174|TaiwanTC1|Human|Taiwan|2003.21,2003-03-31,Estimated date of onset,TC1 (direct sequencing of a sample from patient TWC);  The younger brother who developed symptoms on 31 March became the first SARS-related fatality (TC1) in Taiwan.: https://www.sciencedirect.com/science/article/pii/S1567134804001224?casa_token=ajMJ_jSaA4wAAAAA:D6z2eAuvfvwTwbEjKRFwm_RRBpSDw4z66cygX05QEDZB_jAd3Lp40F2CZrIY9UDdQ9Wz_mBQWw,https://academic.oup.com/jid/article/191/9/1478/862107?login=false; https://academic.oup.com/view-large/figure/203391417/191-9-1478-fig004.gif; https://academic.oup.com/jid/article/191/9/1478/862107?login=false; https://www.sciencedirect.com/science/article/pii/S1567134804001224?casa_token=ajMJ_jSaA4wAAAAA:D6z2eAuvfvwTwbEjKRFwm_RRBpSDw4z66cygX05QEDZB_jAd3Lp40F2CZrIY9UDdQ9Wz_mBQWw,TWC (Pt4),"Pts 1 and 2 belonged to the same cluster; Pt 4 belonged to another cluster. However, these three patients were located in the same lineage closer to the Hotel M lineages. https://www.pnas.org/content/101/8/2542.long",,2003-03-18,https://github.com/plemey/SARSCoV2origins/blob/master/BEAST/SARS-CoV/SARS-CoV-1.recDel.xml,,
AY714217|CDC_200301157|Human|USA|2003.21,2003-03-18,Date of collection (unsure),From https://www.nature.com/articles/s41564-020-0771-4,https://raw.githubusercontent.com/plemey/SARSCoV2origins/master/BEAST/SARS-CoV/SARS-CoV-1.recDel.xml,,,,,,,
AY291451|TW1|Human|Taiwan|2003.21,2003-03-14,Estimated date of onset,"Fig 1; also :Patients 1 and 2 were infected in mid-March 2003 through familial or hospital contact with the first index SARS patient, who developed SARS around March 7 after returning to Taiwan from Guangdong. ",https://academic.oup.com/view-large/figure/203391417/191-9-1478-fig004.gif; https://www.pnas.org/content/101/8/2542.long; https://academic.oup.com/jid/article/191/9/1478/862107?login=false; https://wwwnc.cdc.gov/eid/article/9/9/03-0367_article,Pt 1,Pt 1 was the son of the first index case in Taiwan. were closer to the strains related to Hotel M in Hong Kong https://www.pnas.org/content/101/8/2542.long,TW1 and TW2 are the same patient (Both the clinical specimens and the virus isolate after passage in Vero E6 cells were collected from patients 1 and 2): Figure 2: https://www.pnas.org/content/101/8/2542.long,,,,
AY502925|TW2|Human|Taiwan|2003.21,2003-03-17,Estimated date of onset,"Patients 1 and 2 were infected in mid-March 2003 through familial or hospital contact with the first index SARS patient, who developed SARS around March 7 after returning to Taiwan from Guangdong. ",https://www.pnas.org/content/101/8/2542.long; https://academic.oup.com/jid/article/191/9/1478/862107?login=false,Pt 1,Pt 1 was the son of the first index case in Taiwan. were closer to the strains related to Hotel M in Hong Kong https://www.pnas.org/content/101/8/2542.long,TW1 and TW2 are the same patient (Both the clinical specimens and the virus isolate after passage in Vero E6 cells were collected from patients 1 and 2): Figure 2: https://www.pnas.org/content/101/8/2542.long,,,,
AY502926|TW3|Human|Taiwan|2003.21,2003-03-17,Estimated date of onset,"Patients 1 and 2 were infected in mid-March 2003 through familial or hospital contact with the first index SARS patient, who developed SARS around March 7 after returning to Taiwan from Guangdong. ",https://www.pnas.org/content/101/8/2542.long; https://academic.oup.com/jid/article/191/9/1478/862107?login=false,Pt 2,Pt 2 was the physician taking care of Pt 1 (TW1/2) --  Pts 1 and 2 belonged to the same cluster. were closer to the strains related to Hotel M in Hong Kong,TW3/TW4 from same patient (Both the clinical specimens and the virus isolate after passage in Vero E6 cells were collected from patients 1 and 2.): Figure 2 (https://www.pnas.org/content/101/8/2542.long). TW3: Genome from culture isolate,,,,
AY502927|TW4|Human|Taiwan|2003.21,2003-03-17,Estimated date of onset,"Patients 1 and 2 were infected in mid-March 2003 through familial or hospital contact with the first index SARS patient, who developed SARS around March 7 after returning to Taiwan from Guangdong. ",https://www.pnas.org/content/101/8/2542.long; https://academic.oup.com/jid/article/191/9/1478/862107?login=false,Pt 2,Pt 2 was the physician taking care of Pt 1 (TW1/2) --  Pts 1 and 2 belonged to the same cluster. were closer to the strains related to Hotel M in Hong Kong,TW3/TW4 from same patient (Both the clinical specimens and the virus isolate after passage in Vero E6 cells were collected from patients 1 and 2.): Figure 2 (https://www.pnas.org/content/101/8/2542.long). TW3: Genome from culture isolate,,,,
AY502928|TW5|Human|Taiwan|2003.21,2003-03-26,Estimated date of onset,Fig 1; also Patient 3 was an employee of an international construction company who developed symptoms after returning from Beijing (through Hong Kong) in late March. ,https://www.pnas.org/content/101/8/2542.long; https://academic.oup.com/jid/article/191/9/1478/862107?login=false,Pt 3,The other patients (Pts 3 and 5–10) were in the third (also the major) cluster closer to another lineage of the SARS virus in Hong Kong (unrelated to Hotel M strains and represented by CUHK-Su10 isolate). On flight?: https://www.nejm.org/doi/full/10.1056/NEJMoa031349,,,,,
AY502929|TW6|Human|Taiwan|2003.29,2003-04-25,Estimated date of onset,Patients 5–7 were from Hospital H where the SARS outbreak occurred in late April.: https://www.pnas.org/content/101/8/2542.long,https://www.pnas.org/content/101/8/2542.long; https://academic.oup.com/jid/article/191/9/1478/862107?login=false,Pt 5, The other patients (Pts 3 and 5–10) were in the third (also the major) cluster closer to another lineage of the SARS virus in Hong Kong (unrelated to Hotel M strains and represented by CUHK-Su10 isolate) . FIg 2.https://www.pnas.org/content/101/8/2542.long,,,,,
AY502930|TW7|Human|Taiwan|2003.29,2003-04-25,Estimated date of onset,Patients 5–7 were from Hospital H where the SARS outbreak occurred in late April.: https://www.pnas.org/content/101/8/2542.long,https://www.pnas.org/content/101/8/2542.long; https://academic.oup.com/jid/article/191/9/1478/862107?login=false,Pt 6,The other patients (Pts 3 and 5–10) were in the third (also the major) cluster closer to another lineage of the SARS virus in Hong Kong (unrelated to Hotel M strains and represented by CUHK-Su10 isolate) . FIg 2.https://www.pnas.org/content/101/8/2542.long,,,,,
AY502931|TW8|Human|Taiwan|2003.29,2003-04-25,Estimated date of onset,Patients 5–7 were from Hospital H where the SARS outbreak occurred in late April.: https://www.pnas.org/content/101/8/2542.long,https://www.pnas.org/content/101/8/2542.long; https://academic.oup.com/jid/article/191/9/1478/862107?login=false,Pt 7,The other patients (Pts 3 and 5–10) were in the third (also the major) cluster closer to another lineage of the SARS virus in Hong Kong (unrelated to Hotel M strains and represented by CUHK-Su10 isolate) . FIg 2.https://www.pnas.org/content/101/8/2542.long,,,,,
AY502932|TW9|Human|Taiwan|2003.37,2003-05-05,Estimated date of onset,Patient 8 was from a local clinic R and seemed to be infected in early May. ,https://www.pnas.org/content/101/8/2542.long; https://academic.oup.com/jid/article/191/9/1478/862107?login=false,Pt 8,The other patients (Pts 3 and 5–10) were in the third (also the major) cluster closer to another lineage of the SARS virus in Hong Kong (unrelated to Hotel M strains and represented by CUHK-Su10 isolate) . FIg 2.https://www.pnas.org/content/101/8/2542.long,,,,,
AY502923|TW10|Human|Taiwan|2003.37,2003-05-15,Estimated date of onset, Patients 9 and 10 were sporadic cases without apparent contacts and were reported from the Taipei metropolitan areas in mid-May. ,https://www.pnas.org/content/101/8/2542.long; https://academic.oup.com/jid/article/191/9/1478/862107?login=false,Pt 9,associated with community outbreaks in Taipei: https://academic.oup.com/jid/article/191/9/1478/862107?login=false,,,,,
AY502924|TW11|Human|Taiwan|2003.37,2003-05-15,Estimated date of onset, Patients 9 and 10 were sporadic cases without apparent contacts and were reported from the Taipei metropolitan areas in mid-May. ,https://www.pnas.org/content/101/8/2542.long; https://academic.oup.com/jid/article/191/9/1478/862107?login=false,Pt 10,associated with community outbreaks in Taipei: https://academic.oup.com/jid/article/191/9/1478/862107?login=false,,,,,
AY321118|TWC|Human|Taiwan|2003.21,2003-03-31,Estimated date of onset,"His younger brother (patient TWC), who developed symptoms on 31 March https://academic.oup.com/jid/article/191/9/1478/862107?login=false",https://www.pnas.org/content/101/8/2542.long; https://academic.oup.com/jid/article/191/9/1478/862107?login=false,Pt 4. ,"Pts 1 and 2 belonged to the same cluster; Pt 4 belonged to another cluster. However, these three patients were located in the same lineage closer to the Hotel M lineages. https://www.pnas.org/content/101/8/2542.long",,,,,
AY278741|Urbani|Human|Vietnam_Hanoi|2003.21,2003-03-12,Date of collection,"(SARS-CoV, Urbani strain) was isolated on Vero cells from the throat washings of a patient who was exposed to the virus in Vietnam and subsequently died from progressive respiratory failure; -- see Sup -- links to  --  Blood, nasopharyngeal, and throat-swab specimens were collected on March 12, day 1 after onset. also “Attempts to identify the etiology of the SARS outbreak were successful during the third week of March 2003, when laboratories in the United States, Canada, Germany, and Hong Kong isolated a novel coronavirus (SARS-CoV) from SARS patients.”: https://www.science.org/doi/10.1126/science.1085952?url_ver=Z39.88-2003&rfr_id=ori:rid:crossref.org&rfr_dat=cr_pub%20%200pubmed", https://www.science.org/doi/10.1126/science.1085952?url_ver=Z39.88-2003; https://www.nejm.org/doi/10.1056/NEJMoa030781?url_ver=Z39.88-2003&rfr_id=ori:rid:crossref.org&rfr_dat=cr_pub%20%200www.ncbi.nlm.nih.gov,Pt 16???,Probably patient 16: From Vietnam and positive in isolation: Patient 16 (a 46-year-old male physician with an epidemiologic link to a hospital with multiple patients with SARS). The URBANI SARS CoV isolate was from a physician infected by a patient who contracted SARS while staying at Hotel M: https://www.sciencedirect.com/science/article/pii/S0140673603134149?casa_token=uyjXfw77-VcAAAAA:EdNsrclQ3gLEHZ-7FiFIVZuLtoaWuNMqmhk-YLdcHB_SPkkNwkPPeeviQ1vWZAWZu70RekLgzA#bib15,,,,,
AY572035|civet010|Civet|China_Guangdong_Guangzhou_Xinyuan-market|2004.002732,2004-01-02,Date of collection,"When possible SARS was diagnosed in the waitress on January 2, 2004, serum, throat and rectal swabs were obtained from all 6 palm civets at the restaurant. : https://www.ncbi.nlm.nih.gov/pmc/articles/PMC3367621/",https://www.ncbi.nlm.nih.gov/pmc/articles/PMC3367621/,10,"Restaurant civet. Epidemiologic investigations showed that 2 of the 4 recent SARS patients were linked with the restaurant serving palm civets as food. One patient was a 20-year-old waitress who became ill on December 26, 2003, with suspected SARS was diagnosed on January 2, 2004. All 6 palm civets from the restaurant were positive for SARS-CoV.","serum, throat and rectal swabs were obtained from all 6 palm civets at the restaurant.",,,,
AY572036|civet014|Civet|China_Guangdong_Guangzhou_Xinyuan-market|2004.002732,2004-01-02,Date of collection,"When possible SARS was diagnosed in the waitress on January 2, 2004, serum, throat and rectal swabs were obtained from all 6 palm civets at the restaurant. : https://www.ncbi.nlm.nih.gov/pmc/articles/PMC3367621/",https://www.ncbi.nlm.nih.gov/pmc/articles/PMC3367621/,14,"Restaurant civet. Epidemiologic investigations showed that 2 of the 4 recent SARS patients were linked with the restaurant serving palm civets as food. One patient was a 20-year-old waitress who became ill on December 26, 2003, with suspected SARS was diagnosed on January 2, 2004. All 6 palm civets from the restaurant were positive for SARS-CoV.","serum, throat and rectal swabs were obtained from all 6 palm civets at the restaurant.",,,,
AY572038|civet020|Civet|China_Guangdong_Guangzhou_Xinyuan-market|2004.04,2004-01-02,Date of collection,"When possible SARS was diagnosed in the waitress on January 2, 2004, serum, throat and rectal swabs were obtained from all 6 palm civets at the restaurant. : https://www.ncbi.nlm.nih.gov/pmc/articles/PMC3367621/",https://www.ncbi.nlm.nih.gov/pmc/articles/PMC3367621/,20,"Restaurant civet. Epidemiologic investigations showed that 2 of the 4 recent SARS patients were linked with the restaurant serving palm civets as food. One patient was a 20-year-old waitress who became ill on December 26, 2003, with suspected SARS was diagnosed on January 2, 2004. All 6 palm civets from the restaurant were positive for SARS-CoV.","serum, throat and rectal swabs were obtained from all 6 palm civets at the restaurant.",,,,
AY572037|civet019|Civet|China_Guangdong_Guangzhou_Xinyuan-market|2004.002732,2004-01-02,Date of collection,"When possible SARS was diagnosed in the waitress on January 2, 2004, serum, throat and rectal swabs were obtained from all 6 palm civets at the restaurant. : https://www.ncbi.nlm.nih.gov/pmc/articles/PMC3367621/",https://www.ncbi.nlm.nih.gov/pmc/articles/PMC3367621/,19,"Restaurant civet. Epidemiologic investigations showed that 2 of the 4 recent SARS patients were linked with the restaurant serving palm civets as food. One patient was a 20-year-old waitress who became ill on December 26, 2003, with suspected SARS was diagnosed on January 2, 2004. All 6 palm civets from the restaurant were positive for SARS-CoV.","serum, throat and rectal swabs were obtained from all 6 palm civets at the restaurant.",,,,
AY282752|CUHK_Su10|Human|Hong_Kong|2003.21,2003-03-13,Date of collection,"Personal Communication, The Chinese SARS Molecular Epidemiology Consortium: Supp: https://www.ncbi.nlm.nih.gov/pmc/articles/PMC446188/",https://www.nejm.org/doi/pdf/10.1056/NEJM200307103490216,,mother of the index patient in this hospital outbreak: https://www.nejm.org/doi/pdf/10.1056/NEJM200307103490216,,,,,
AY394999|CUHK-LC2|Human|Hong_Kong|2003.37,2003-05-15,Estimated date of onset,Bothpatients had disease onset in mid-May 2003. ,ref 20 footnote: https://www.science.org/doi/10.1126/science.1092002?url_ver=Z39.88-2003&rfr_id=ori:rid:crossref.org&rfr_dat=cr_pub%20%200pubmed,,he CUHK-LC2 sequence was initially obtained from the culture isolate of a throat wash specimen of an infected hospital health care worker and was later confirmed from the same specimen directly: https://www.science.org/doi/10.1126/science.1092002?url_ver=Z39.88-2003&rfr_id=ori:rid:crossref.org&rfr_dat=cr_pub%20%200pubmed (see ref 20 weird footnote),,,,,
AY395002|CUHK-LC5|Human|Hong_Kong|2003.37,2003-05-15,Estimated date of onset,Bothpatients had disease onset in mid-May 2003. ,ref 20 footnote: https://www.science.org/doi/10.1126/science.1092002?url_ver=Z39.88-2003&rfr_id=ori:rid:crossref.org&rfr_dat=cr_pub%20%200pubmed,,"CUHK-LC3, CUHK-LC4, and CUHK-LC5 were obtained from three different nasal swab specimens both directly and from the culture supernatants of an elderly patient who acquired SARS in the same hospital: https://www.science.org/doi/10.1126/science.1092002?url_ver=Z39.88-2003&rfr_id=ori:rid:crossref.org&rfr_dat=cr_pub%20%200pubmed (see ref 20 footnote)",,,,,
AY394996|ZS-B|Human|China_Guangdong_Zhongshan|2003.0397,2003-01-05,Estimated date of onset,"Three of the SARS-CoV genome sequences (ZS-A, ZS-B, and ZS-C; Fig. 2) with the 82-nt deletion were obtained from samples of very early cases from Zhongshan city.  See Fig S1: ealiest cases were around first week of January  : https://www.science.org/doi/10.1126/science.1092002?url_ver=Z39.88-2003&rfr_id=ori:rid:crossref.org&rfr_dat=cr_pub%20%200pubmed",https://www.science.org/doi/10.1126/science.1092002?url_ver=Z39.88-2003&rfr_id=ori:rid:crossref.org&rfr_dat=cr_pub%20%200pubmed,,,,,,,
AY394997|ZS-A|Human|China_Guangdong_Zhongshan|2003.0397,2003-01-05,Estimated date of onset,"Three of the SARS-CoV genome sequences (ZS-A, ZS-B, and ZS-C; Fig. 2) with the 82-nt deletion were obtained from samples of very early cases from Zhongshan city.  See Fig S1: ealiest cases were around first week of January  : https://www.science.org/doi/10.1126/science.1092002?url_ver=Z39.88-2003&rfr_id=ori:rid:crossref.org&rfr_dat=cr_pub%20%200pubmed",https://www.science.org/doi/10.1126/science.1092002?url_ver=Z39.88-2003&rfr_id=ori:rid:crossref.org&rfr_dat=cr_pub%20%200pubmed,,,,,,,
AY395003|ZS_C|Human|China_Guangdong_Zhongshan|2003.0397,2003-01-05,Estimated date of onset,"Three of the SARS-CoV genome sequences (ZS-A, ZS-B, and ZS-C; Fig. 2) with the 82-nt deletion were obtained from samples of very early cases from Zhongshan city.  See Fig S1: ealiest cases were around first week of January  : https://www.science.org/doi/10.1126/science.1092002?url_ver=Z39.88-2003&rfr_id=ori:rid:crossref.org&rfr_dat=cr_pub%20%200pubmed",https://www.science.org/doi/10.1126/science.1092002?url_ver=Z39.88-2003&rfr_id=ori:rid:crossref.org&rfr_dat=cr_pub%20%200pubmed,,,,,,,
AY525636|GD03T0013|Human|China_Guangdong_Guangzhou|2003.972603,2003-12-22,Date of collection,"sampling date, 22 December 2003: https://www.science.org/doi/10.1126/science.1092002?url_ver=Z39.88-2003&rfr_id=ori:rid:crossref.org&rfr_dat=cr_pub%20%200pubmed",,,"index patient of the city of Guangzhou (onset date, 16 December 2003; hospitalized 20 December 2003; www.wpro.who.int/sars/docs/pressreleases/pr_27122003.asp).",oropharyngeal swab sample,,,,
AY345986|CUHK_AG01|Human|Hong_Kong|2003.21,2003-03-15,Estimated date of onset,"3 days after a haemodialysis session on March 12, 2003, patient 1 complained of fever, cough, and myalgia.: https://www.sciencedirect.com/science/article/pii/S014067360314901X?via%3Dihub; https://www.pnas.org/content/pnas/suppl/2005/01/27/0409608102.DC1/09608Table1.pdf",https://www.sciencedirect.com/science/article/pii/S014067360314901X?via%3Dihub,patient 1,Index case: The suspected Amoy Gardens index case was a man who attended the Prince of Wales Hospital regularly for haemodialysis (patient 1).,serum,,,,
AY345987|CUHK-AG02|Human|Hong_Kong|2003.21,2003-03-22,Estimated date of onset,"Subsequently, on March 19, 2003, he lodged overnight with his brother, who lived in the Amoy Gardens complex. . The number of Amoy Gardens residents diagnosed as having SARS rose strikingly after his stay, peaking on March 24. SO between 19 and 24: https://www.sciencedirect.com/science/article/pii/S014067360314901X?via%3Dihub#bib2",https://www.sciencedirect.com/science/article/pii/S014067360314901X?via%3Dihub,patient 2,from two other residents infected with SARS (patients 2 and 3) randomly selected from the unit where patient 1 had stayed or from the adjacent unit: https://www.sciencedirect.com/science/article/pii/S014067360314901X?via%3Dihub,nasopharyngeal aspirate,,,,
AY345988|CUHK_AG03|Human|Hong_Kong|2003.21,2003-03-22,Estimated date of onset,"Subsequently, on March 19, 2003, he lodged overnight with his brother, who lived in the Amoy Gardens complex. . The number of Amoy Gardens residents diagnosed as having SARS rose strikingly after his stay, peaking on March 24. SO between 19 and 24: https://www.sciencedirect.com/science/article/pii/S014067360314901X?via%3Dihub#bib2",https://www.sciencedirect.com/science/article/pii/S014067360314901X?via%3Dihub,patient 3,from two other residents infected with SARS (patients 2 and 3) randomly selected from the unit where patient 1 had stayed or from the adjacent unit: https://www.sciencedirect.com/science/article/pii/S014067360314901X?via%3Dihub,stools,,,,
AY278554|CUHK_W1|Human|China_Guangdong_Shenzhen|2003.21,2003-03-24,Collection date,"Personal Communication, The Chinese SARS Molecular Epidemiology Consortium: Supp: https://www.ncbi.nlm.nih.gov/pmc/articles/PMC446188/",,,"from a patient who had traveled to Shenzhen, Guangdong Province, China, six days before the onset of his symptoms on March 15, 2003: https://www.nejm.org/doi/pdf/10.1056/NEJM200307103490216",NOTE: location should be HK not Guangdong,,,,
AY572034|civet007|Civet|China_Guangdong_Guangzhou_Xinyuan-market|2004.04,2004-01-02,Collection date,"When possible SARS was diagnosed in the waitress on January 2, 2004, serum, throat and rectal swabs were obtained from all 6 palm civets at the restaurant. : https://www.ncbi.nlm.nih.gov/pmc/articles/PMC3367621/",https://www.ncbi.nlm.nih.gov/pmc/articles/PMC3367621/; https://journals.asm.org/doi/10.1128/JVI.79.18.11892-11900.2005#T1,7,"Restaurant civet. Epidemiologic investigations showed that 2 of the 4 recent SARS patients were linked with the restaurant serving palm civets as food. One patient was a 20-year-old waitress who became ill on December 26, 2003, with suspected SARS was diagnosed on January 2, 2004. All 6 palm civets from the restaurant were positive for SARS-CoV.","serum, throat and rectal swabs were obtained from all 6 palm civets at the restaurant.",,,,
AY278489|GD01|Human|China_Guangdong|2003.2808,2003-02-11,Estimated date of collection,"strain GD01 (originally designated GZ01), isolated from the first autopsy sample of Guangdong. In particular, the first three SARS autopsies were performed in Guangzhou on 11, 12 and 25 February 2003 https://www.ncbi.nlm.nih.gov/pmc/articles/PMC2435571/",https://www.ncbi.nlm.nih.gov/pmc/articles/PMC2435571/#sec3,,"We isolated the GD01 from a 54-year-old female patient. She was suspected being infected during her hospitalization by indirect contact with one of the “superspreaders”, who stayed in the same hospital as she did. She was one of the SARS cases with known transmission path connecting to the “Index Cases” identified in Guangdong Province. https://www.sciencedirect.com/science/article/pii/S1672022903010143?via%3Dihub",The viral isolate was from the autopsied lung tissue of the patient and propagated in Vero-E6 cell culture. ,2003-04-13,https://era.ed.ac.uk/handle/1842/5859,3/18/03,https://github.com/plemey/SARSCoV2origins/blob/master/BEAST/SARS-CoV/SARS-CoV-1.recDel.xml
AY278488|BJ01|Human|China_Beijing|2003.1795,2003-03-05,Estimated date of collection,"He, as the second SARS patient hospitalized (March 5th) in Beijing, died two days after the diagnosis: https://www.sciencedirect.com/science/article/pii/S1672022903010234?via%3Dihub#t0005",https://link.springer.com/article/10.1007/BF03184203; https://www.ncbi.nlm.nih.gov/pmc/articles/PMC7088533/pdf/11434_2010_Article_BF03184203.pdf; https://www.sciencedirect.com/science/article/pii/S1672022903010234?via%3Dihub#t0005; https://pubmed.ncbi.nlm.nih.gov/15629030/; https://journals.asm.org/doi/10.1128/JVI.79.18.11892-11900.2005; https://www.science.org/doi/10.1126/science.1087139,," BJ01 and BJ03 were derived from the autopsied lung tissue (BJ01) and liver/lymph nodes (BJ03) of the same patient who was the father of the first patient (the Index Case of Beijing) diagnosed on March 1, 2003 in Beijing: https://www.sciencedirect.com/science/article/pii/S1672022903010234?via%3Dihub#t0005 together with the early Beijing isolates BJ01, BJ02, and BJ03, traceable to Guangdon: https://www.science.org/doi/10.1126/science.1092002?url_ver=Z39.88-2003&rfr_id=ori:rid:crossref.org&rfr_dat=cr_pub%20%200pubmed",Lung autopsy,2003-03-07,https://era.ed.ac.uk/handle/1842/5859,,
AY278487|BJ02|Human|China_Beijing|2003.3027,2003-03-15,Estimated date of onset, Isolate BJ02 was inoculated from pooled samples of nose/throat swabs from seven patients who were all evidenced to be infected by the first patient when she (the Index Case of Beijing) was hospitalized in the first week of March at the same hospital: https://www.sciencedirect.com/science/article/pii/S1672022903010234?via%3Dihub#t0005,,," Together with the early Beijing isolates BJ01, BJ02, and BJ03, traceable to Guangdon: https://www.science.org/doi/10.1126/science.1092002?url_ver=Z39.88-2003&rfr_id=ori:rid:crossref.org&rfr_dat=cr_pub%20%200pubmed",Nose and throat swabs,2003-04-21,https://era.ed.ac.uk/handle/1842/5859,,
AY278490|BJ03|Human|China_Beijing|2003.4205,2003-03-05,Estimated date of collection,"He, as the second SARS patient hospitalized (March 5th) in Beijing, died two days after the diagnosis: https://www.sciencedirect.com/science/article/pii/S1672022903010234?via%3Dihub#t0005",https://www.sciencedirect.com/science/article/pii/S1672022903010234?via%3Dihub#t0005;https://pubmed.ncbi.nlm.nih.gov/15629030/; https://journals.asm.org/doi/10.1128/JVI.79.18.11892-11900.2005; https://www.science.org/doi/10.1126/science.1087139,," BJ01 and BJ03 were derived from the autopsied lung tissue (BJ01) and liver/lymph nodes (BJ03) of the same patient who was the father of the first patient (the Index Case of Beijing) diagnosed on March 1, 2003 in Beijing: https://www.sciencedirect.com/science/article/pii/S1672022903010234?via%3Dihub#t0005 together with the early Beijing isolates BJ01, BJ02, and BJ03, traceable to Guangdon: https://www.science.org/doi/10.1126/science.1092002?url_ver=Z39.88-2003&rfr_id=ori:rid:crossref.org&rfr_dat=cr_pub%20%200pubmed",Liver & lymph nodes autopsy,2003-06-03,https://era.ed.ac.uk/handle/1842/5859,,
AY310120|FRA|Human|Germany_Frankfurt|2003.21,2003-03-16,Estimated date of collection,"From March 3 to 9, 2003, he treated a patient with atypical pneumonia in Singapore who had arrived from Hong Kong. On March 9 (day 1) his illness started with abrupt onset of fever (temperature, 39.4°C). he was transferred to an isolation unit at the Frankfurt University Hospital with suspected SARS (day 7)",https://www.nejm.org/doi/full/10.1056/NEJMoa030747; https://journals.asm.org/doi/10.1128/JVI.79.18.11892-11900.2005#T1,Fra,"The index patient was a 32-year-old male physician. From March 3 to 9, 2003, he treated a patient with atypical pneumonia in Singapore who had arrived from Hong Kong: https://www.nejm.org/doi/full/10.1056/NEJMoa030747",The virus was propagated in African green monkey kidney (Vero and Vero E6) cells,,,,
AY686863|A022|Civet|China_Guangdong_Guangzhou|2004.04,2004-01-15,Estimated date of collection,Table 1,https://journals.asm.org/doi/10.1128/JVI.79.18.11892-11900.2005,A022G,Market civet.,CHECK correction: https://journals.asm.org/doi/10.1128/JVI.01072-06,2004-01-05,https://era.ed.ac.uk/handle/1842/5859,,
AY686864|B039|Civet|China_Guangdong_Guangzhou|2004.04,2004-01-15,Estimated date of collection,Table 1,https://journals.asm.org/doi/10.1128/JVI.79.18.11892-11900.2005,B039G,Market civet.,CHECK correction: https://journals.asm.org/doi/10.1128/JVI.01072-06,2004-01-05,https://era.ed.ac.uk/handle/1842/5859,,
AY687359|B012|Civet|China_Guangdong_Guangzhou_Xinyuan-market|2004.0396,2004-01-15,Estimated date of collection,Table 1,https://journals.asm.org/doi/10.1128/JVI.79.18.11892-11900.2005,B012G,Market civet.,CHECK correction: https://journals.asm.org/doi/10.1128/JVI.01072-06,,,,
AY687372|C029|Civet|China_Guangdong_Guangzhou_Xinyuan-market|2004.0396,2004-01-15,Estimated date of collection,Table 1,https://journals.asm.org/doi/10.1128/JVI.79.18.11892-11900.2005,C029G,Market civet.,CHECK correction: https://journals.asm.org/doi/10.1128/JVI.01072-06,,,,
AY687364|B040|Civet|China_Guangdong_Guangzhou_Xinyuan-market|2004.0396,2004-01-15,Estimated date of collection,Table 1,https://journals.asm.org/doi/10.1128/JVI.79.18.11892-11900.2005,B040G,Market civet.,CHECK correction: https://journals.asm.org/doi/10.1128/JVI.01072-06,,,,
AY687366|C014|Civet|China_Guangdong_Guangzhou_Xinyuan-market|2004.0396,2004-01-15,Estimated date of collection,Table 1,https://journals.asm.org/doi/10.1128/JVI.79.18.11892-11900.2005,C014G,Market civet.,CHECK correction: https://journals.asm.org/doi/10.1128/JVI.01072-06,,,,
AY687367|C017|Civet|China_Guangdong_Guangzhou_Xinyuan-market|2004.0396,2004-01-15,Estimated date of collection,Table 1,https://journals.asm.org/doi/10.1128/JVI.79.18.11892-11900.2005,C017G,Market civet.,CHECK correction: https://journals.asm.org/doi/10.1128/JVI.01072-06,,,,
AY687362|B033|Civet|China_Guangdong_Guangzhou_Xinyuan-market|2004.0396,2004-01-15,Estimated date of collection,Table 1,https://journals.asm.org/doi/10.1128/JVI.79.18.11892-11900.2005,B033G,Market civet.,CHECK correction: https://journals.asm.org/doi/10.1128/JVI.01072-06,,,,
AY687369|C019|Civet|China_Guangdong_Guangzhou_Xinyuan-market|2004.0396,2004-01-15,Estimated date of collection,Table 1,https://journals.asm.org/doi/10.1128/JVI.79.18.11892-11900.2005,C019G,Market civet.,CHECK correction: https://journals.asm.org/doi/10.1128/JVI.01072-06,,,,
AY687355|A013|Civet|China_Guangdong_Guangzhou_Xinyuan-market|2004.0396,2004-01-15,Estimated date of collection,Table 1,https://journals.asm.org/doi/10.1128/JVI.79.18.11892-11900.2005,A013G,Market civet.,CHECK correction: https://journals.asm.org/doi/10.1128/JVI.01072-06,,,,
AY687354|A001|Civet|China_Guangdong_Guangzhou_Xinyuan-market|2004.0396,2004-01-15,Estimated date of collection,Table 1,https://journals.asm.org/doi/10.1128/JVI.79.18.11892-11900.2005,,,CHECK correction: https://journals.asm.org/doi/10.1128/JVI.01072-06,,,,
AY687368|C018|Civet|China_Guangdong_Guangzhou_Xinyuan-market|2004.0396,2004-01-15,Estimated date of collection,Table 1,https://journals.asm.org/doi/10.1128/JVI.79.18.11892-11900.2005,,,CHECK correction: https://journals.asm.org/doi/10.1128/JVI.01072-06,,,,
AY687370|C025|Civet|China_Guangdong_Guangzhou_Xinyuan-market|2004.0396,2004-01-15,Estimated date of collection,Table 1,https://journals.asm.org/doi/10.1128/JVI.79.18.11892-11900.2005,,,CHECK correction: https://journals.asm.org/doi/10.1128/JVI.01072-06,,,,
AY687356|A021|Civet|China_Guangdong_Guangzhou_Xinyuan-market|2004.0396,2004-01-15,Estimated date of collection,Table 1,https://journals.asm.org/doi/10.1128/JVI.79.18.11892-11900.2005,,,CHECK correction: https://journals.asm.org/doi/10.1128/JVI.01072-06,,,,
AY687360|B024|Civet|China_Guangdong_Guangzhou_Xinyuan-market|2004.0396,2004-01-15,Estimated date of collection,Table 1,https://journals.asm.org/doi/10.1128/JVI.79.18.11892-11900.2005,,,CHECK correction: https://journals.asm.org/doi/10.1128/JVI.01072-06,,,,
AY687363|B039|Civet|China_Guangdong_Guangzhou_Xinyuan-market|2004.0396,2004-01-15,Estimated date of collection,Table 1,https://journals.asm.org/doi/10.1128/JVI.79.18.11892-11900.2005,B039G,Market civet.,CHECK correction: https://journals.asm.org/doi/10.1128/JVI.01072-06,,,,
AY687371|C028|Civet|China_Guangdong_Guangzhou_Xinyuan-market|2004.0396,2004-01-15,Estimated date of collection,Table 1,https://journals.asm.org/doi/10.1128/JVI.79.18.11892-11900.2005,C028G,Market civet.,CHECK correction: https://journals.asm.org/doi/10.1128/JVI.01072-06,,,,
AY687365|C013|Civet|China_Guangdong_Guangzhou_Xinyuan-market|2004.0396,2004-01-15,Estimated date of collection,Table 1,https://journals.asm.org/doi/10.1128/JVI.79.18.11892-11900.2005,C013G,Market civet.,CHECK correction: https://journals.asm.org/doi/10.1128/JVI.01072-06,,,,
AY687357|A030|Raccoon_Dog|China_Guangdong_Guangzhou_Xinyuan-market|2004.0396,2004-01-15,Estimated date of collection,Table 1,https://journals.asm.org/doi/10.1128/JVI.79.18.11892-11900.2005,A030G,Market animal.,CHECK correction: https://journals.asm.org/doi/10.1128/JVI.01072-06,,,,
AY687358|A031|Raccoon_Dog|China_Guangdong_Guangzhou_Xinyuan-market|2004.0396,2004-01-15,Estimated date of collection,Table 1,https://journals.asm.org/doi/10.1128/JVI.79.18.11892-11900.2005,A031G,Market animal.,CHECK correction: https://journals.asm.org/doi/10.1128/JVI.01072-06,,,,
AY687373|A022|Civet|China_Guangdong_Guangzhou_Xinyuan-market|2004.0396,2004-01-15,Estimated date of collection,Table 1,https://journals.asm.org/doi/10.1128/JVI.79.18.11892-11900.2005,A022G,Market civet.,CHECK correction: https://journals.asm.org/doi/10.1128/JVI.01072-06,,,,
AY687361|B029|Civet|China_Guangdong_Guangzhou_Xinyuan-market|2004.0396,2004-01-15,Estimated date of collection,Table 1,https://journals.asm.org/doi/10.1128/JVI.79.18.11892-11900.2005; https://www.science.org/doi/10.1126/science.1087139,B029G,Market civet.,CHECK correction: https://journals.asm.org/doi/10.1128/JVI.01072-06,,,,
AY304486|SZ3|Civet|China_Shenzhen_Dongmen-Market|2003.37,2003-05-07,Estimated date of collection,Fig 3,https://www.pnas.org/content/102/7/2430.long; https://era.ed.ac.uk/handle/1842/5859,SZ3,Market civet.,Swabs from four of six Himalayan palm civets were positive in the RT-PCR assay ,,,,
AY304488|SZ16|Civet|China_Shenzhen_Dongmen-Market|2003.37,2003-05-07,Estimated date of collection,Fig 3,https://www.pnas.org/content/102/7/2430.long; https://era.ed.ac.uk/handle/1842/5859,SZ16,Market civet.,Swabs from four of six Himalayan palm civets were positive in the RT-PCR assay ,2003-05-15],https://github.com/plemey/SARSCoV2origins/blob/master/BEAST/SARS-CoV/SARS-CoV-1.recDel.xml,,
AY394991|HZS2_Fc|Human|China_Guangdong_Guangzhou|2003.1027,2003-02-07,Date of onset,Isolate from a secondarily infected patient from Hospital HZS-2 with disease onset on 7 February 2003 (HZS2-Fc) ,https://www.science.org/doi/10.1126/science.1092002?url_ver=Z39.88-2003&rfr_id=ori:rid:crossref.org&rfr_dat=cr_pub%20%200pubmed,,,,2003-05-15],https://github.com/plemey/SARSCoV2origins/blob/master/BEAST/SARS-CoV/SARS-CoV-1.recDel.xml,,
AY613950|PC4_227|Civet|China|2004.04,2004-01-05,Collection date,S Table 1,https://www.pnas.org/content/102/7/2430.long,Pc7,,,,,,
AY568539|GZ0401|Human|China_Guangdong_Guangzhou|2003.96,2003-12-22,Collection date,S Table 1,https://www.pnas.org/content/102/7/2430.long,Hp2, GZ0401 (AY568539) was the complete genome sequence of the SARS-CoV isolated from the same patient (the index patient in 2003–2004 epidemic) from which the GD03T0013 (AY525636) spike gene sequence was obtained: https://www.ncbi.nlm.nih.gov/pmc/articles/PMC7117273/,,,,,
AY613947|GZ0402|Human|China_Guangdong_Guangzhou|2004.04,2004-01-05,Collection date,S Table 1,https://www.pnas.org/content/102/7/2430.long,Hp3,https://www.ncbi.nlm.nih.gov/pmc/articles/PMC3323270/,,,,,
AY613948|PC4_13|Civet|China|2004.04,2004-01-10,Collection date,S Table 1,https://www.pnas.org/content/102/7/2430.long,Pc5,,,,,,
AY613949|PC4_136|Civet|China|2004.04,2004-01-05,Collection date,S Table 1,https://www.pnas.org/content/102/7/2430.long,Pc6,,,,,,
AY304492|HKU-36871|Human|Hong_Kong|2003.2014,2003-03-15,Estimated date of collection,Table 1,https://journals.asm.org/doi/10.1128/JVI.79.18.11892-11900.2005#T1,HKU-36871,,,,,,
AY304493|HKU-65806|Human|Hong_Kong|2003.2014,2003-03-15,Estimated date of collection,Table 1,https://journals.asm.org/doi/10.1128/JVI.79.18.11892-11900.2005#T1,HKU-65806,,,,,,
AY304487|SZ13|Raccoon_Dog|China_Shenzhen_Dongmen-Market|2003.345205,2003-05-07,Estimated from date of collection of associated viruses,"One market, assuming sampled on the same day as SZ16. Nevertheless, animal virus SZ13 (raccoon dog) and SZ16 (palm civet) were genetically almost identical, and transmission or contamination from one host to the other within the market cannot be excluded.",,,Market civet.,Swabs from four of six Himalayan palm civets were positive in the RT-PCR assay ,,,,
AY304489|SZ1|Civet|China_Shenzhen_Dongmen-Market|2003.345205,2003-05-07,Estimated from date of collection of associated viruses,"One market, assuming sampled on the same day as SZ16. Nevertheless, animal virus SZ13 (raccoon dog) and SZ16 (palm civet) were genetically almost identical, and transmission or contamination from one host to the other within the market cannot be excluded.",,,Market civet.,Swabs from four of six Himalayan palm civets were positive in the RT-PCR assay ,,,,
AY394978|GZ-B|Human|China_Guangdong_Guangzhou|2003.21,2003-03-15,Estimated date of onset,GZ-B and GZ-C are two genotypes obtained from two Guangzhou patients with disease onset from mid-March,Supp: https://www.science.org/doi/full/10.1126/science.1092002#FIG2,,GZ-B and GZ-C are two genotypes obtained from two Guangzhou patients with disease onset from mid-March,,,,,
AY394979|GZ-C|Human|China_Guangdong_Guangzhou|2003.21,2003-03-15,Estimated date of onset,GZ-B and GZ-C are two genotypes obtained from two Guangzhou patients with disease onset from mid-March,Supp: https://www.science.org/doi/full/10.1126/science.1092002#FIG2,,GZ-B and GZ-C are two genotypes obtained from two Guangzhou patients with disease onset from mid-March,,,,,
AY394983|HZS2-A|Human|China_Guangdong_Guangzhou|2003.1219,2003-02-07,Estimated date of onset,"These patients were probably contacts of the patients whowas then admitted to the HZS-2 Hospital on 30 January 2003. During his less than 48_h stay in the HZS-2 Hospital, he infected more than 30 hospital staff members and patients: https://www.ncbi.nlm.nih.gov/pmc/articles/PMC2435571/",,,"One group was represented by the isolates related to the Hospital HZS-2 outbreak (HZS2-A, HZS2-B, HZS2-C, HZS2-D, HZS2-E, and HGZ8L-2): https://www.science.org/doi/10.1126/science.1092002?url_ver=Z39.88-2003&rfr_id=ori:rid:crossref.org&rfr_dat=cr_pub%20%200pubmed",,,,,
AY395004|HZS2-Bb|Human|China_Guangdong_Guangzhou|2003.1219,2003-02-07,Estimated date of onset,"These patients were probably contacts of the patients whowas then admitted to the HZS-2 Hospital on 30 January 2003. During his less than 48_h stay in the HZS-2 Hospital, he infected more than 30 hospital staff members and patients: https://www.ncbi.nlm.nih.gov/pmc/articles/PMC2435571/",,,"One group was represented by the isolates related to the Hospital HZS-2 outbreak (HZS2-A, HZS2-B, HZS2-C, HZS2-D, HZS2-E, and HGZ8L-2): https://www.science.org/doi/10.1126/science.1092002?url_ver=Z39.88-2003&rfr_id=ori:rid:crossref.org&rfr_dat=cr_pub%20%200pubmed",,,,,
AY394992|HZS2-C|Human|China_Guangdong_Guangzhou|2003.1219,2003-02-07,Estimated date of onset,"These patients were probably contacts of the patients whowas then admitted to the HZS-2 Hospital on 30 January 2003. During his less than 48_h stay in the HZS-2 Hospital, he infected more than 30 hospital staff members and patients: https://www.ncbi.nlm.nih.gov/pmc/articles/PMC2435571/",,,"One group was represented by the isolates related to the Hospital HZS-2 outbreak (HZS2-A, HZS2-B, HZS2-C, HZS2-D, HZS2-E, and HGZ8L-2): https://www.science.org/doi/10.1126/science.1092002?url_ver=Z39.88-2003&rfr_id=ori:rid:crossref.org&rfr_dat=cr_pub%20%200pubmed",,,,,
AY394989|HZS2-D|Human|China_Guangdong_Guangzhou|2003.1219,2003-02-07,Estimated date of onset,"These patients were probably contacts of the patients whowas then admitted to the HZS-2 Hospital on 30 January 2003. During his less than 48_h stay in the HZS-2 Hospital, he infected more than 30 hospital staff members and patients: https://www.ncbi.nlm.nih.gov/pmc/articles/PMC2435571/",,,"One group was represented by the isolates related to the Hospital HZS-2 outbreak (HZS2-A, HZS2-B, HZS2-C, HZS2-D, HZS2-E, and HGZ8L-2): https://www.science.org/doi/10.1126/science.1092002?url_ver=Z39.88-2003&rfr_id=ori:rid:crossref.org&rfr_dat=cr_pub%20%200pubmed",,,,,
AY394990|HZS2-E|Human|China_Guangdong_Guangzhou|2003.1219,2003-02-07,Estimated date of onset,"These patients were probably contacts of the patients whowas then admitted to the HZS-2 Hospital on 30 January 2003. During his less than 48_h stay in the HZS-2 Hospital, he infected more than 30 hospital staff members and patients: https://www.ncbi.nlm.nih.gov/pmc/articles/PMC2435571/",,,"One group was represented by the isolates related to the Hospital HZS-2 outbreak (HZS2-A, HZS2-B, HZS2-C, HZS2-D, HZS2-E, and HGZ8L-2): https://www.science.org/doi/10.1126/science.1092002?url_ver=Z39.88-2003&rfr_id=ori:rid:crossref.org&rfr_dat=cr_pub%20%200pubmed",,,,,
DQ182595|ZJ0301|Human|China|2003.3027,2003-04-21,Collection date,https://www.viprbrc.org/brc/viprStrainDetails.spg?ncbiAccession=DQ182595&decorator=corona,,,cultured virus in Vero cell inoculate with throat swab from the first patient with severe acute respiratory syndrome (SARS) in Zhejiang,cultured virus in Vero cell inoculate with throat swab from the first patient with severe acute respiratory syndrome (SARS) in Zhejiang,,,,
AY304494|HKU-66078|Human|Hong_Kong|2003.2014,2003-03-15,Estimated date of collection,SARS-CoV strain HKU-66078 (AY304494) was isolated by infection of FRhK-4 cells with the nasopharyngeal aspirate (NPA) of a patient who suffered from SARS in March 2003 in Hong Kong+D106,https://www.intmedpress.com/serveFile.cfm?sUID=b612e8b7-cdd2-4768-8965-29abbe525264,HKU-66078,, isolated by infection of FRhK-4 cells with the nasopharyngeal aspirate (NPA) of a patient ,2003-03-24,https://era.ed.ac.uk/handle/1842/5859,,
AY627044|PC4-115|Civet|China|2004.0396,2004-01-15,Estimated date of collection,"Fig 2: sampling dates are measured as the number of days away from Jan. 1, 2003. PC04 is about 360-380 days away from 1 Jan 2003. So mid-Jan (like others)",,,,,,,,
AY627046|PC4-145|Civet|China|2004.0396,2004-01-15,Estimated date of collection,"Fig 2: sampling dates are measured as the number of days away from Jan. 1, 2003. PC04 is about 360-380 days away from 1 Jan 2003. So mid-Jan (like others)",,,,,,,,
AY627048|PC4-241|Civet|China|2004.0396,2004-01-15,Estimated date of collection,"Fig 2: sampling dates are measured as the number of days away from Jan. 1, 2003. PC04 is about 360-380 days away from 1 Jan 2003. So mid-Jan (like others)",,,,,,,,
AY613951|PC4-127|Civet|China|2004.0396,2004-01-15,Estimated date of collection,"Fig 2: sampling dates are measured as the number of days away from Jan. 1, 2003. PC04 is about 360-380 days away from 1 Jan 2003. So mid-Jan (like others)",,,,,,,,
AY627047|PC4-199|Civet|China|2004.0396,2004-01-15,Estimated date of collection,"Fig 2: sampling dates are measured as the number of days away from Jan. 1, 2003. PC04 is about 360-380 days away from 1 Jan 2003. So mid-Jan (like others)",,,,,,,,
AY613952|PC4-205|Civet|China|2004.0396,2004-01-15,Estimated date of collection,"Fig 2: sampling dates are measured as the number of days away from Jan. 1, 2003. PC04 is about 360-380 days away from 1 Jan 2003. So mid-Jan (like others)",,,,,,,,
AY627045|PC4-137|Civet|China|2004.0396,2004-01-15,Estimated date of collection,"Fig 2: sampling dates are measured as the number of days away from Jan. 1, 2003. PC04 is about 360-380 days away from 1 Jan 2003. So mid-Jan (like others)",,,,,,,,
AY461660|SoD|Human|Russia|2003.3411,2003-05-05,Estimated date of collection,Russian Federation: https://www.who.int/publications/m/item/summary-of-probable-sars-cases-with-onset-of-illness-from-1-november-2002-to-31-july-2003,https://www.who.int/publications/m/item/summary-of-probable-sars-cases-with-onset-of-illness-from-1-november-2002-to-31-july-2003,,,,,,,
AY394985|HSZ-Bb|Human|China_Guangdong_Guangzhou|2003.1219,2003-01-15,Estimated date of onset,"All of the isolates exhibiting this sequence (GZ02, HGZ8L1-A, HSZ-A, HSZ-B, and HSZ-C; Fig. 2) were obtained from patients with contact histories traceable to some of the earliest independent cases in Guangzhou -- see SFig 1 -- set to second week in January: https://www.science.org/doi/full/10.1126/science.1092002#FIG2",https://www.science.org/doi/full/10.1126/science.1092002#FIG2,,"Up to the end of January 2003, several hospitals in Guangzhou (mainly HSZ, GZS-8, HZS-2 and HZS-3) had received and treated quite a few severe patients transferred from its surrounding cities in addition to the local patients: https://www.ncbi.nlm.nih.gov/pmc/articles/PMC2435571/",,,,,
AY394994|HSZ-Bc|Human|China_Guangdong_Guangzhou|2003.1219,2003-01-15,Estimated date of onset,"All of the isolates exhibiting this sequence (GZ02, HGZ8L1-A, HSZ-A, HSZ-B, and HSZ-C; Fig. 2) were obtained from patients with contact histories traceable to some of the earliest independent cases in Guangzhou -- see SFig 1 -- set to second week in January: https://www.science.org/doi/full/10.1126/science.1092002#FIG2",https://www.science.org/doi/full/10.1126/science.1092002#FIG2,,"Up to the end of January 2003, several hospitals in Guangzhou (mainly HSZ, GZS-8, HZS-2 and HZS-3) had received and treated quite a few severe patients transferred from its surrounding cities in addition to the local patients: https://www.ncbi.nlm.nih.gov/pmc/articles/PMC2435571/",,,,,
AY394995|HSZ_Cc|Human|China_Guangdong_Guangzhou|2003.1219,2003-01-15,Estimated date of onset,"All of the isolates exhibiting this sequence (GZ02, HGZ8L1-A, HSZ-A, HSZ-B, and HSZ-C; Fig. 2) were obtained from patients with contact histories traceable to some of the earliest independent cases in Guangzhou -- see SFig 1 -- set to second week in January: https://www.science.org/doi/full/10.1126/science.1092002#FIG2",https://www.science.org/doi/full/10.1126/science.1092002#FIG2,,"Up to the end of January 2003, several hospitals in Guangzhou (mainly HSZ, GZS-8, HZS-2 and HZS-3) had received and treated quite a few severe patients transferred from its surrounding cities in addition to the local patients: https://www.ncbi.nlm.nih.gov/pmc/articles/PMC2435571/",,,,,
AY394986|HSZ-Cb|Human|China_Guangdong_Guangzhou|2003.1219,2003-01-15,Estimated date of onset,"All of the isolates exhibiting this sequence (GZ02, HGZ8L1-A, HSZ-A, HSZ-B, and HSZ-C; Fig. 2) were obtained from patients with contact histories traceable to some of the earliest independent cases in Guangzhou -- see SFig 1 -- set to second week in January: https://www.science.org/doi/full/10.1126/science.1092002#FIG2",https://www.science.org/doi/full/10.1126/science.1092002#FIG2,,"Up to the end of January 2003, several hospitals in Guangzhou (mainly HSZ, GZS-8, HZS-2 and HZS-3) had received and treated quite a few severe patients transferred from its surrounding cities in addition to the local patients: https://www.ncbi.nlm.nih.gov/pmc/articles/PMC2435571/",,,,,
AY508724|NS-1|Human|China|2003.2452,2003-xx-xx,No additional information,,,,,REMOVE,,,,
AY394988|JMD|Human|China|2003.1247,2003-xx-xx,No additional information,,,,,REMOVE,,,,
AY463059|ShanghaiQXC1|Human|China_Shanghai|2003.3959,2003-05-25,Date of collection,"which some viral strains isolated later stage
such as ShanghaiQXC1 and ShanghaiQXC2 (isolated on May 25, 2003, personnel communication with
Dr. Zhenghong Yuan): https://www.fbscience.com/Landmark/articles/pdf/Landmark4579.pdf",,,,Too divergent? https://github.com/nextstrain/cov/blob/master/SARS/config/exclude_SARS.txt,,,,
AY545914|HC/SZ/79/03|Civet_Shenzhen|China_Shenzhen|2003.9932,2003-12-29,Date of collection (unsure),Table A.1 -- Further dates were procured either from the literature or via personal communication,https://era.ed.ac.uk/handle/1842/5859,,,,,,,
AY545916|HC/SZ/266/03|Civet|China_Shenzhen|2003.8068,2003-10-22,Date of collection (unsure),Table A.1 -- Further dates were procured either from the literature or via personal communication,https://era.ed.ac.uk/handle/1842/5859,,,,,,,
AY545918|HC/GZ/32/03|Civet|China|2003.9466,2003-12-12,Date of collection (unsure),Table A.1 -- Further dates were procured either from the literature or via personal communication,https://era.ed.ac.uk/handle/1842/5859,,,,,,,
AY545919|CFB/SZ/94/03|Ferret_Badger|China_Shenzhen|2003.9932,2003-12-29,Date of collection (unsure),Table A.1 -- Further dates were procured either from the literature or via personal communication,https://era.ed.ac.uk/handle/1842/5859,,,,,,,
AY545915|HC/SZ/DM1/03|Civet|China_Shenzhen|2003.8479,2003-11-06,Date of collection (unsure),Table A.1 -- Further dates were procured either from the literature or via personal communication,https://era.ed.ac.uk/handle/1842/5859,,,,,,,
AY545917|HC/GZ/81/03|Civet|China|2003.9986,2003-12-31,Date of collection (unsure),Table A.1 -- Further dates were procured either from the literature or via personal communication,https://era.ed.ac.uk/handle/1842/5859,,,,,,,
AY394982|HGZ8L1-B|Human|China_Guangdong_Guangzhou|2003.0863,2003-02-15,Estimated midpoint: epidemic bounds,Middle phase according to Sfig 6: https://www.science.org/doi/full/10.1126/science.1092002 -- defined as 1 Feb - 21 Feb (set to midpoint),https://www.ncbi.nlm.nih.gov/pmc/articles/PMC2435571/,,"Isolate (HGZ8L1-A) of Ward L1 of the same hospital (Hospital GZS-8): https://www.ncbi.nlm.nih.gov/pmc/articles/PMC2435571/; He was further transferred to Hospital GZS-8 on 8 February 2003. He probably infected three hospital staff members there, while he had an intubation procedure for ventilatory support. Apparently, he did not cause further hospital infections in Hospital GZS-8. The infection in the Ward L2 of Hospital GZS-8 seems to have been caused by his hospitalized friends and relatives. (of ZZF): Table 1: https://www.ncbi.nlm.nih.gov/pmc/articles/PMC2435571/",,,,,
AY394981|HGZ8L1-A|Human|China_Guangdong_Guangzhou|2003.0863,2003-01-31,Estimated midpoint: epidemic bounds,Early phase according to Sfig 6: https://www.science.org/doi/full/10.1126/science.1092002#FIG2   -- defined as Nov 2002 (Guangzhou cases only start in January see Fig S1) - end of January 2003. But index patient was transferred 8 Feb (https://www.ncbi.nlm.nih.gov/pmc/articles/PMC2435571/) so set to last week in Jan?,,,"Isolate (HGZ8L1-A) of Ward L1 of the same hospital (Hospital GZS-8): https://www.ncbi.nlm.nih.gov/pmc/articles/PMC2435571/; All of the
isolates exhibiting this sequence (GZ02, HGZ8L1-A, HSZ-A,
HSZ-B, and HSZ-C, Fig. 2) were obtained from patients with
contact histories traceable to some of the earliest independent
cases in Guangzhou:https://www.science.org/cms/asset/9c3d2475-8b92-42b6-9490-d3663b8215b7/pap.pdf -- He was further transferred to Hospital GZS-8 on 8 February 2003. He probably infected three hospital staff members there, while he had an intubation procedure for ventilatory support. Apparently, he did not cause further hospital infections in Hospital GZS-8. The infection in the Ward L2 of Hospital GZS-8 seems to have been caused by his hospitalized friends and relatives. (of ZZF): Table 1: https://www.ncbi.nlm.nih.gov/pmc/articles/PMC2435571/",,,,,
AY394993|HGZ8L2|Human|China_Guangdong_Guangzhou|2003.1219,2003-02-25,Estimated midpoint: epidemic bounds,Middle phase according to Sfig 6: https://www.science.org/doi/full/10.1126/science.1092002#FIG2 -- defined as 1 Feb - end of Feb -- but tertiary infection so set to late Feb,,,(Tertiary) Infection in the Ward L2 of Hospital GZS-8 : https://www.ncbi.nlm.nih.gov/pmc/articles/PMC2435571/,,,,,
DQ514528|ES188|Civet|China_Hubei|2003.0,2003-xx-xx,No additional information,,https://www.ncbi.nlm.nih.gov/pmc/articles/PMC1900161/,,the S glycoprotein genes were recovered from naturally infected civets in central China (Hubei province): https://www.ncbi.nlm.nih.gov/pmc/articles/PMC1900161/,,,,,
DQ514529|ES191|Civet|China_Hubei|2003.0,2003-xx-xx,No additional information,,https://www.ncbi.nlm.nih.gov/pmc/articles/PMC1900161/,,the S glycoprotein genes were recovered from naturally infected civets in central China (Hubei province): https://www.ncbi.nlm.nih.gov/pmc/articles/PMC1900161/,,,,,
DQ514530|ES260|Civet|China_Hubei|2003.0,2003-xx-xx,No additional information,,https://www.ncbi.nlm.nih.gov/pmc/articles/PMC1900161/,,the S glycoprotein genes were recovered from naturally infected civets in central China (Hubei province): https://www.ncbi.nlm.nih.gov/pmc/articles/PMC1900161/,,,,,